sentiment,avg_trades,avg_size_usd,avg_ls_ratio
Fear,49.312714776632305,5985.895847421141,0.4844981929054518
Greed,72.93353474320242,6374.426571197934,0.46702699955509164
